{"stats":{"minecraft:mined":{"minecraft:dandelion":1,"minecraft:grass":6,"minecraft:grass_block":10,"minecraft:dirt":7,"minecraft:tall_grass":3},"minecraft:used":{"securitycraft:stone_mine":3,"minecraft:cyan_terracotta":8,"minecraft:quartz_slab":33,"minecraft:grass_block":370,"minecraft:oak_planks":112,"securitycraft:bucket_f_lava":12,"tombstone:grave_key":4,"minecraft:smooth_quartz":181,"minecraft:quartz_stairs":10,"securitycraft:bucket_f_water":1,"minecraft:dirt":30,"tombstone:gift":8},"minecraft:dropped":{"minecraft:dirt":93,"minecraft:birch_planks":1,"minecraft:wheat_seeds":24,"securitycraft:bucket_f_water":1,"tombstone:impregnated_diamond":3,"minecraft:smooth_quartz":1,"securitycraft:bucket_f_lava":1,"tombstone:grave_dust":1,"minecraft:rotten_flesh":2,"minecraft:oak_planks":142,"sophisticatedbackpacks:backpack":1,"minecraft:arrow":2},"minecraft:killed_by":{"minecraft:player":1},"minecraft:picked_up":{"minecraft:azure_bluet":9,"minecraft:dandelion":8,"minecraft:dirt":162,"minecraft:infested_stone_bricks":64,"minecraft:bone":1,"minecraft:arrow":4,"tombstone:impregnated_diamond":2,"minecraft:rotten_flesh":4,"minecraft:wheat_seeds":24,"minecraft:oak_sapling":2,"minecraft:oak_planks":320},"minecraft:custom":{"minecraft:time_since_rest":29098,"minecraft:sprint_one_cm":21664,"minecraft:damage_taken":655,"minecraft:walk_one_cm":54684,"minecraft:drop":64,"minecraft:damage_dealt":50,"minecraft:fly_one_cm":219246,"minecraft:crouch_one_cm":1034,"minecraft:play_time":42797,"minecraft:deaths":2,"minecraft:sneak_time":1491,"minecraft:jump":348,"minecraft:leave_game":5,"minecraft:walk_on_water_one_cm":19,"minecraft:time_since_death":29281,"minecraft:total_world_time":42797,"minecraft:fall_one_cm":7310}},"DataVersion":3120}