{"stats":{"minecraft:mined":{"minecraft:grass":3,"minecraft:oak_log":6},"minecraft:used":{"minecraft:glass":68,"minecraft:water_bucket":1,"minecraft:grass_block":10,"minecraft:oak_planks":171,"minecraft:iron_sword":2,"minecraft:smooth_quartz":125,"minecraft:deepslate_bricks":205,"minecraft:dirt":1,"minecraft:bucket":1,"minecraft:stripped_oak_log":19},"minecraft:dropped":{"minecraft:water_bucket":1,"minecraft:iron_sword":1,"minecraft:shield":1,"minecraft:torch":64,"minecraft:iron_chestplate":2,"minecraft:cooked_porkchop":64,"tombstone:impregnated_diamond":1,"minecraft:iron_helmet":2,"minecraft:iron_leggings":2,"minecraft:iron_boots":2,"minecraft:oak_planks":196,"minecraft:iron_axe":1,"sophisticatedbackpacks:copper_backpack":1,"minecraft:iron_pickaxe":1,"minecraft:infested_stone_bricks":192,"minecraft:dandelion":1},"minecraft:killed":{"minecraft:zombie":1},"minecraft:picked_up":{"minecraft:dandelion":12,"minecraft:birch_planks":1,"minecraft:oak_log":6,"tombstone:grave_dust":1,"minecraft:dirt":32,"minecraft:infested_stone_bricks":64,"tombstone:impregnated_diamond":1},"minecraft:custom":{"minecraft:time_since_rest":21802,"minecraft:sprint_one_cm":24510,"minecraft:damage_taken":34,"minecraft:walk_one_cm":53841,"minecraft:mob_kills":1,"minecraft:drop":28,"minecraft:damage_dealt":140,"minecraft:fly_one_cm":51025,"minecraft:play_time":21802,"minecraft:crouch_one_cm":222,"tombstone:undead_killed":1,"minecraft:sneak_time":144,"minecraft:jump":135,"minecraft:leave_game":2,"minecraft:walk_on_water_one_cm":107,"minecraft:time_since_death":21802,"minecraft:total_world_time":21802,"minecraft:fall_one_cm":2479}},"DataVersion":3120}