{"stats":{"minecraft:dropped":{"minecraft:water_bucket":1,"minecraft:gravel":1,"minecraft:iron_sword":1,"minecraft:wheat_seeds":1,"minecraft:cooked_beef":32,"minecraft:diamond":1,"minecraft:tuff":3,"minecraft:cooked_porkchop":64,"tombstone:impregnated_diamond":1,"minecraft:iron_helmet":2,"minecraft:cobblestone":5,"minecraft:rotten_flesh":7,"minecraft:oak_planks":196,"minecraft:iron_boots":2,"minecraft:infested_stone_bricks":192,"minecraft:coal":12,"minecraft:shield":1,"minecraft:diorite":1,"minecraft:torch":64,"minecraft:iron_chestplate":2,"minecraft:wooden_axe":2,"minecraft:iron_leggings":2,"sophisticatedbackpacks:copper_backpack":1,"minecraft:iron_axe":1,"minecraft:arrow":1,"minecraft:bow":1,"minecraft:sugar":2,"minecraft:iron_pickaxe":1,"minecraft:dandelion":1,"minecraft:bone":5},"minecraft:used":{"minecraft:water_bucket":32,"minecraft:enchanting_table":4,"minecraft:chiseled_deepslate":21,"minecraft:polished_blackstone":105,"minecraft:oak_planks":171,"minecraft:chest":9,"minecraft:stone":99,"minecraft:iron_sword":99,"minecraft:deepslate_bricks":210,"minecraft:bell":1,"minecraft:torch":10,"minecraft:dirt":1,"minecraft:rail":2,"minecraft:anvil":2,"minecraft:crafting_table":1,"minecraft:red_bed":2,"minecraft:deepslate_brick_slab":124,"minecraft:tuff":3,"minecraft:granite":1,"minecraft:birch_door":2,"minecraft:glass":175,"minecraft:bookshelf":16,"minecraft:lantern":19,"minecraft:iron_axe":23,"minecraft:grass_block":35,"minecraft:iron_pickaxe":160,"minecraft:smooth_quartz":264,"minecraft:cobblestone":10,"minecraft:deepslate_tile_stairs":19,"minecraft:furnace":2,"minecraft:dark_oak_fence":84,"minecraft:cooked_porkchop":12,"minecraft:bucket":28,"tombstone:gift":3,"minecraft:yellow_bed":1,"minecraft:stripped_oak_log":19,"minecraft:gray_stained_glass":67,"minecraft:cobbled_deepslate":14},"minecraft:mined":{"minecraft:deepslate_redstone_ore":15,"minecraft:tuff":7,"minecraft:deepslate_diamond_ore":9,"minecraft:torch":1,"minecraft:glow_lichen":1,"minecraft:granite":1,"minecraft:lapis_ore":2,"minecraft:diorite":1,"minecraft:wall_torch":5,"minecraft:spawner":3,"minecraft:deepslate_copper_ore":1,"minecraft:iron_ore":30,"minecraft:cobbled_deepslate":1,"minecraft:birch_leaves":1,"minecraft:deepslate_lapis_ore":7,"minecraft:bell":1,"minecraft:grass":3,"minecraft:oak_log":17,"minecraft:coal_ore":37,"minecraft:deepslate_iron_ore":7,"minecraft:rail":1,"minecraft:gravel":1,"minecraft:cobweb":14,"minecraft:stone":16,"minecraft:deepslate_emerald_ore":1,"minecraft:oak_leaves":8,"minecraft:deepslate":18},"minecraft:crafted":{"minecraft:oak_planks":12,"sophisticatedbackpacks:backpack":1,"minecraft:chest":1},"minecraft:custom":{"minecraft:mob_kills":32,"tombstone:raider_killed":2,"minecraft:interact_with_crafting_table":3,"minecraft:bell_ring":8,"minecraft:leave_game":5,"minecraft:time_since_death":97263,"minecraft:sleep_in_bed":1,"minecraft:time_since_rest":18139,"minecraft:sprint_one_cm":238911,"minecraft:damage_taken":1166,"minecraft:walk_one_cm":216032,"minecraft:drop":62,"minecraft:damage_dealt":5130,"minecraft:swim_one_cm":6405,"minecraft:fly_one_cm":263255,"minecraft:open_chest":15,"minecraft:play_time":97263,"minecraft:crouch_one_cm":3493,"minecraft:sneak_time":1834,"tombstone:undead_killed":11,"minecraft:walk_under_water_one_cm":9696,"minecraft:jump":1248,"minecraft:walk_on_water_one_cm":26151,"minecraft:total_world_time":97263,"minecraft:fall_one_cm":29718},"minecraft:picked_up":{"minecraft:wooden_axe":2,"minecraft:leather":6,"minecraft:birch_planks":1,"minecraft:tuff":6,"minecraft:oak_log":16,"minecraft:gunpowder":1,"minecraft:dirt":32,"minecraft:lapis_lazuli":62,"minecraft:string":34,"minecraft:lantern":4,"minecraft:raw_copper":2,"minecraft:bone":5,"tombstone:impregnated_diamond":1,"minecraft:bow":1,"minecraft:wheat_seeds":3,"minecraft:cobbled_deepslate":14,"minecraft:bell":1,"minecraft:beef":11,"minecraft:smooth_quartz":2,"minecraft:raw_iron":37,"minecraft:torch":9,"minecraft:dandelion":18,"minecraft:gravel":1,"tombstone:grave_dust":1,"minecraft:diorite":1,"minecraft:redstone":5,"minecraft:spider_eye":5,"minecraft:infested_stone_bricks":64,"minecraft:arrow":1,"minecraft:sugar":2,"minecraft:rotten_flesh":7,"minecraft:diamond":11,"minecraft:crossbow":1,"minecraft:granite":1,"minecraft:emerald":1,"minecraft:coal":37,"minecraft:rail":2,"minecraft:cobblestone":15},"minecraft:killed":{"minecraft:cave_spider":10,"minecraft:witch":1,"minecraft:spider":1,"minecraft:creeper":1,"minecraft:skeleton":3,"minecraft:pillager":1,"minecraft:zombie":8,"minecraft:cow":6}},"DataVersion":3120}