{"stats":{"minecraft:used":{"tombstone:gift":1,"minecraft:grass_block":2},"minecraft:picked_up":{"securitycraft:keypad_chest":1},"minecraft:custom":{"minecraft:jump":45,"minecraft:time_since_rest":18487,"minecraft:damage_taken":110,"minecraft:crouch_one_cm":9,"minecraft:leave_game":3,"minecraft:play_time":27742,"minecraft:sprint_one_cm":2510,"minecraft:time_since_death":18753,"minecraft:walk_one_cm":4302,"minecraft:deaths":1,"minecraft:sneak_time":153,"minecraft:total_world_time":27742,"minecraft:fly_one_cm":43531}},"DataVersion":3120}