{"stats":{"minecraft:dropped":{"minecraft:wheat_seeds":1,"minecraft:polished_blackstone":2,"minecraft:diamond":3,"minecraft:tuff":1,"minecraft:oak_fence":2,"minecraft:rotten_flesh":11,"sophisticatedbackpacks:backpack":1,"minecraft:granite":5,"minecraft:black_stained_glass_pane":2,"minecraft:smooth_quartz":2,"minecraft:oak_sapling":1,"minecraft:spider_eye":2,"minecraft:sugar":2,"minecraft:string":2},"minecraft:used":{"minecraft:oak_fence":25,"minecraft:polished_blackstone":113,"minecraft:light_blue_terracotta":2,"minecraft:chest":2,"minecraft:torch":8,"minecraft:dirt":131,"minecraft:crafting_table":1,"minecraft:blast_furnace":1,"minecraft:deepslate_brick_slab":6,"minecraft:oak_fence_gate":2,"automobility:automobile_assembler":1,"minecraft:glass":99,"minecraft:diamond_pickaxe":445,"minecraft:cyan_terracotta":104,"minecraft:bookshelf":7,"automobility:auto_mechanic_table":1,"minecraft:iron_axe":6,"minecraft:grass_block":2,"minecraft:verdant_froglight":22,"minecraft:quartz_block":241,"minecraft:smooth_quartz":29,"minecraft:diamond_sword":36,"minecraft:cobblestone":4,"minecraft:furnace":1,"tombstone:gift":1,"minecraft:cooked_beef":4},"minecraft:mined":{"minecraft:tuff":1,"minecraft:oak_fence":2,"minecraft:torch":4,"minecraft:granite":5,"minecraft:copper_ore":15,"minecraft:wall_torch":1,"minecraft:deepslate_copper_ore":8,"minecraft:cobbled_deepslate":1,"minecraft:andesite":6,"minecraft:azure_bluet":2,"minecraft:grass":1,"minecraft:oak_log":6,"minecraft:coal_ore":98,"minecraft:deepslate_iron_ore":7,"minecraft:polished_blackstone":2,"minecraft:stone":261,"minecraft:deepslate":40},"minecraft:crafted":{"minecraft:smooth_stone":3,"minecraft:oak_planks":24,"automobility:crowbar":1,"minecraft:iron_nugget":9,"minecraft:furnace":3,"minecraft:blast_furnace":1,"minecraft:copper_ingot":17,"minecraft:stone":3,"automobility:auto_mechanic_table":1,"minecraft:air":0,"automobility:automobile_assembler":1,"minecraft:yellow_dye":1,"minecraft:iron_ingot":7,"minecraft:chest":2,"minecraft:light_gray_dye":1,"minecraft:copper_block":1},"minecraft:custom":{"minecraft:interact_with_furnace":13,"minecraft:mob_kills":12,"minecraft:interact_with_crafting_table":15,"minecraft:leave_game":8,"minecraft:time_since_death":138803,"minecraft:sleep_in_bed":1,"minecraft:time_since_rest":65232,"minecraft:sprint_one_cm":93903,"minecraft:damage_taken":554,"minecraft:walk_one_cm":218940,"minecraft:drop":18,"minecraft:damage_dealt":2965,"minecraft:swim_one_cm":756,"minecraft:fly_one_cm":311006,"minecraft:open_chest":23,"minecraft:play_time":147792,"minecraft:crouch_one_cm":6412,"minecraft:sneak_time":3515,"tombstone:undead_killed":7,"minecraft:deaths":1,"minecraft:walk_under_water_one_cm":3142,"minecraft:jump":762,"minecraft:interact_with_blast_furnace":10,"minecraft:walk_on_water_one_cm":4609,"minecraft:total_world_time":147792,"minecraft:fall_one_cm":17970},"minecraft:picked_up":{"minecraft:azure_bluet":7,"minecraft:andesite":6,"minecraft:leather":1,"minecraft:lead":4,"minecraft:tuff":1,"minecraft:oak_log":6,"securitycraft:keypad_chest":1,"minecraft:raw_copper":90,"minecraft:string":2,"minecraft:lantern":1,"minecraft:wheat_seeds":3,"minecraft:cobbled_deepslate":40,"minecraft:beef":3,"minecraft:smooth_quartz":1,"minecraft:oak_planks":13,"minecraft:stick":2,"minecraft:raw_iron":7,"minecraft:oak_fence":2,"minecraft:torch":5,"minecraft:dandelion":11,"sophisticatedbackpacks:backpack":1,"minecraft:black_stained_glass_pane":2,"minecraft:grass_block":1,"minecraft:spider_eye":2,"minecraft:rotten_flesh":11,"minecraft:sugar":2,"minecraft:diamond":3,"minecraft:shears":1,"minecraft:granite":5,"minecraft:polished_blackstone":2,"minecraft:oak_sapling":1,"minecraft:black_wool":5,"minecraft:coal":108,"minecraft:cobblestone":250,"minecraft:ender_pearl":1},"minecraft:killed":{"minecraft:bat":1,"minecraft:horse":2,"minecraft:zombie":7,"minecraft:cow":1,"minecraft:enderman":1}},"DataVersion":3120}