{"stats":{"minecraft:dropped":{"sophisticatedbackpacks:backpack":1,"minecraft:smooth_quartz":2},"minecraft:used":{"minecraft:polished_blackstone":113,"minecraft:chest":2,"minecraft:torch":3,"minecraft:dirt":131,"minecraft:crafting_table":1,"minecraft:blast_furnace":1,"minecraft:deepslate_brick_slab":6,"automobility:automobile_assembler":1,"minecraft:glass":99,"minecraft:diamond_pickaxe":280,"minecraft:cyan_terracotta":103,"minecraft:bookshelf":7,"automobility:auto_mechanic_table":1,"minecraft:iron_axe":6,"minecraft:grass_block":2,"minecraft:verdant_froglight":22,"minecraft:quartz_block":241,"minecraft:smooth_quartz":29,"minecraft:diamond_sword":18,"minecraft:cobblestone":4,"minecraft:furnace":1,"tombstone:gift":1,"minecraft:cooked_beef":3},"minecraft:mined":{"minecraft:tuff":1,"minecraft:oak_fence":2,"minecraft:torch":3,"minecraft:granite":5,"minecraft:copper_ore":15,"minecraft:deepslate_copper_ore":8,"minecraft:cobbled_deepslate":1,"minecraft:andesite":3,"minecraft:azure_bluet":2,"minecraft:oak_log":6,"minecraft:coal_ore":78,"minecraft:deepslate_iron_ore":7,"minecraft:polished_blackstone":2,"minecraft:stone":120,"minecraft:deepslate":40},"minecraft:crafted":{"minecraft:smooth_stone":3,"minecraft:oak_planks":24,"automobility:crowbar":1,"minecraft:furnace":2,"minecraft:blast_furnace":1,"minecraft:copper_ingot":12,"minecraft:stone":3,"automobility:auto_mechanic_table":1,"minecraft:air":0,"automobility:automobile_assembler":1,"minecraft:iron_ingot":7,"minecraft:chest":2,"minecraft:light_gray_dye":1},"minecraft:custom":{"minecraft:interact_with_furnace":12,"minecraft:mob_kills":6,"minecraft:interact_with_crafting_table":12,"minecraft:leave_game":5,"minecraft:time_since_death":90515,"minecraft:sleep_in_bed":1,"minecraft:time_since_rest":16944,"minecraft:sprint_one_cm":68782,"minecraft:damage_taken":392,"minecraft:walk_one_cm":159999,"minecraft:drop":3,"minecraft:damage_dealt":1025,"minecraft:swim_one_cm":756,"minecraft:fly_one_cm":197054,"minecraft:open_chest":18,"minecraft:crouch_one_cm":5905,"minecraft:play_time":99504,"tombstone:undead_killed":5,"minecraft:deaths":1,"minecraft:sneak_time":2836,"minecraft:walk_under_water_one_cm":2274,"minecraft:jump":523,"minecraft:interact_with_blast_furnace":8,"minecraft:walk_on_water_one_cm":3282,"minecraft:total_world_time":99504,"minecraft:fall_one_cm":9773},"minecraft:picked_up":{"minecraft:azure_bluet":7,"minecraft:andesite":3,"minecraft:tuff":1,"minecraft:oak_log":6,"securitycraft:keypad_chest":1,"minecraft:string":2,"minecraft:lantern":1,"minecraft:raw_copper":90,"minecraft:wheat_seeds":3,"minecraft:cobbled_deepslate":40,"minecraft:smooth_quartz":1,"minecraft:oak_planks":13,"minecraft:raw_iron":7,"minecraft:oak_fence":2,"minecraft:torch":3,"minecraft:dandelion":2,"sophisticatedbackpacks:backpack":1,"minecraft:black_stained_glass_pane":1,"minecraft:spider_eye":2,"minecraft:rotten_flesh":9,"minecraft:sugar":2,"minecraft:granite":5,"minecraft:polished_blackstone":2,"minecraft:coal":88,"minecraft:cobblestone":120},"minecraft:killed":{"minecraft:bat":1,"minecraft:zombie":5}},"DataVersion":3120}