{"stats":{"minecraft:dropped":{"minecraft:black_terracotta":2,"minecraft:rotten_flesh":2,"minecraft:oak_planks":13,"minecraft:arrow":1,"minecraft:wheat_seeds":1,"minecraft:smooth_quartz":2,"minecraft:dandelion":1,"minecraft:bone":2},"minecraft:used":{"minecraft:birch_door":4,"minecraft:oak_fence":7,"minecraft:cyan_terracotta":69,"minecraft:black_stained_glass":1,"minecraft:crafting_table":1,"minecraft:quartz_slab":27,"minecraft:black_stained_glass_pane":141,"minecraft:oak_planks":27,"minecraft:smooth_quartz":465,"minecraft:quartz_stairs":1,"minecraft:black_terracotta":1},"minecraft:crafted":{"minecraft:black_stained_glass_pane":16},"minecraft:picked_up":{"tombstone:impregnated_diamond":1,"minecraft:black_terracotta":2,"minecraft:arrow":1,"minecraft:bone":2,"minecraft:rotten_flesh":2,"securitycraft:bucket_f_water":1,"minecraft:wheat_seeds":1,"minecraft:dandelion":1,"minecraft:oak_planks":13},"minecraft:mined":{"minecraft:tall_grass":1},"minecraft:custom":{"minecraft:time_since_rest":64821,"minecraft:damage_taken":20,"minecraft:play_time":64821,"minecraft:sprint_one_cm":12056,"minecraft:walk_one_cm":43485,"minecraft:sneak_time":226,"minecraft:drop":10,"minecraft:jump":56,"minecraft:leave_game":6,"minecraft:time_since_death":64821,"minecraft:total_world_time":64821,"minecraft:interact_with_crafting_table":2,"minecraft:fly_one_cm":130824,"minecraft:crouch_one_cm":3}},"DataVersion":3120}