{"stats":{"minecraft:dropped":{"minecraft:wheat_seeds":1,"minecraft:diamond":3,"minecraft:black_terracotta":2,"minecraft:rotten_flesh":2,"minecraft:oak_planks":13,"minecraft:smooth_quartz":2,"minecraft:glowstone":1,"minecraft:arrow":1,"minecraft:dandelion":1,"minecraft:bone":2},"minecraft:used":{"minecraft:oak_fence":12,"minecraft:water_bucket":84,"minecraft:enchanting_table":1,"minecraft:diamond_boots":1,"minecraft:armor_stand":2,"minecraft:lead":2,"minecraft:polished_blackstone":2,"minecraft:oak_planks":28,"minecraft:cartography_table":2,"minecraft:light_blue_terracotta":150,"minecraft:black_carpet":7,"minecraft:chest":20,"minecraft:donkey_spawn_egg":3,"minecraft:white_terracotta":9,"minecraft:black_glazed_terracotta":11,"minecraft:composter":2,"minecraft:fletching_table":1,"minecraft:quartz_stairs":15,"minecraft:horse_spawn_egg":7,"minecraft:glow_item_frame":1,"minecraft:anvil":1,"minecraft:crafting_table":5,"minecraft:blast_furnace":4,"minecraft:diamond_helmet":1,"minecraft:white_bed":1,"minecraft:painting":26,"minecraft:smoker":4,"minecraft:birch_door":5,"minecraft:black_terracotta":1,"minecraft:cyan_terracotta":99,"minecraft:bookshelf":17,"minecraft:quartz_slab":68,"minecraft:warped_hyphae":64,"minecraft:black_stained_glass_pane":141,"minecraft:grass_block":105,"minecraft:smooth_quartz":532,"minecraft:budding_amethyst":5,"minecraft:diamond_chestplate":1,"minecraft:diamond_sword":39,"minecraft:glowstone":20,"minecraft:black_stained_glass":1,"minecraft:gray_glazed_terracotta":8,"minecraft:purple_bed":2,"minecraft:furnace":4,"minecraft:grindstone":1,"minecraft:smithing_table":1,"minecraft:chain":5,"minecraft:diamond_leggings":1},"minecraft:mined":{"minecraft:tall_grass":1},"minecraft:crafted":{"minecraft:black_stained_glass_pane":16},"minecraft:custom":{"minecraft:mob_kills":9,"minecraft:interact_with_crafting_table":3,"minecraft:leave_game":7,"minecraft:time_since_death":127945,"minecraft:time_since_rest":127945,"minecraft:sprint_one_cm":37309,"minecraft:damage_taken":20,"minecraft:walk_one_cm":207721,"minecraft:drop":14,"minecraft:damage_dealt":3575,"minecraft:fly_one_cm":174435,"minecraft:open_chest":3,"minecraft:crouch_one_cm":739,"minecraft:play_time":127945,"minecraft:sneak_time":559,"minecraft:walk_under_water_one_cm":3376,"minecraft:jump":134,"minecraft:interact_with_blast_furnace":1,"minecraft:walk_on_water_one_cm":5198,"minecraft:total_world_time":127945,"minecraft:horse_one_cm":46556},"minecraft:picked_up":{"minecraft:azure_bluet":2,"minecraft:leather":7,"minecraft:quartz_slab":1,"tombstone:impregnated_diamond":1,"minecraft:bone":2,"minecraft:wheat_seeds":4,"minecraft:smooth_quartz":3,"minecraft:oak_planks":15,"minecraft:black_stained_glass":1,"minecraft:black_terracotta":2,"minecraft:red_wool":1,"minecraft:dandelion":1,"minecraft:grass_block":1,"minecraft:spider_eye":1,"minecraft:arrow":1,"minecraft:rotten_flesh":3,"securitycraft:bucket_f_water":1,"minecraft:diamond":3,"minecraft:cyan_terracotta":1,"minecraft:glowstone":1,"minecraft:polished_blackstone":1},"minecraft:killed":{"minecraft:horse":6,"minecraft:donkey":3}},"DataVersion":3120}