{"stats":{"minecraft:mined":{"minecraft:tall_grass":1},"minecraft:used":{"minecraft:birch_door":1,"minecraft:oak_fence":1,"minecraft:cyan_terracotta":2,"minecraft:black_stained_glass":1,"minecraft:crafting_table":1,"minecraft:quartz_slab":1,"minecraft:black_stained_glass_pane":17,"minecraft:oak_planks":20,"minecraft:smooth_quartz":1,"minecraft:quartz_stairs":1,"minecraft:black_terracotta":1},"minecraft:crafted":{"minecraft:black_stained_glass_pane":16},"minecraft:dropped":{"minecraft:black_terracotta":2,"minecraft:rotten_flesh":2,"minecraft:oak_planks":13,"minecraft:arrow":1,"minecraft:wheat_seeds":1,"minecraft:dandelion":1,"minecraft:bone":2},"minecraft:picked_up":{"tombstone:impregnated_diamond":1,"minecraft:black_terracotta":2,"minecraft:arrow":1,"minecraft:bone":2,"minecraft:rotten_flesh":2,"securitycraft:bucket_f_water":1,"minecraft:wheat_seeds":1,"minecraft:dandelion":1,"minecraft:oak_planks":13},"minecraft:custom":{"minecraft:time_since_rest":29890,"minecraft:damage_taken":20,"minecraft:play_time":29890,"minecraft:sprint_one_cm":12056,"minecraft:walk_one_cm":18958,"minecraft:sneak_time":85,"minecraft:drop":8,"minecraft:jump":39,"minecraft:leave_game":5,"minecraft:time_since_death":29890,"minecraft:total_world_time":29890,"minecraft:interact_with_crafting_table":2,"minecraft:fly_one_cm":75077}},"DataVersion":3120}