{"stats":{"minecraft:picked_up":{"minecraft:black_terracotta":2,"minecraft:azure_bluet":2,"minecraft:dandelion":1,"minecraft:bone":2,"minecraft:arrow":1,"tombstone:impregnated_diamond":1,"minecraft:rotten_flesh":2,"securitycraft:bucket_f_water":1,"minecraft:wheat_seeds":3,"minecraft:glowstone":1,"minecraft:smooth_quartz":1,"minecraft:oak_planks":13},"minecraft:custom":{"minecraft:time_since_rest":95263,"minecraft:sprint_one_cm":29271,"minecraft:damage_taken":20,"minecraft:walk_one_cm":128118,"minecraft:drop":11,"minecraft:damage_dealt":2,"minecraft:interact_with_crafting_table":2,"minecraft:fly_one_cm":139161,"minecraft:open_chest":1,"minecraft:crouch_one_cm":453,"minecraft:play_time":95263,"minecraft:sneak_time":372,"minecraft:walk_under_water_one_cm":3376,"minecraft:jump":106,"minecraft:leave_game":6,"minecraft:walk_on_water_one_cm":5198,"minecraft:time_since_death":95263,"minecraft:total_world_time":95263},"minecraft:crafted":{"minecraft:black_stained_glass_pane":16},"minecraft:used":{"minecraft:birch_door":4,"minecraft:oak_fence":7,"minecraft:black_terracotta":1,"minecraft:water_bucket":84,"minecraft:cyan_terracotta":98,"minecraft:warped_hyphae":64,"minecraft:quartz_slab":68,"minecraft:black_stained_glass_pane":141,"minecraft:grass_block":105,"minecraft:oak_planks":28,"minecraft:light_blue_terracotta":150,"minecraft:white_terracotta":9,"minecraft:black_glazed_terracotta":11,"minecraft:smooth_quartz":532,"minecraft:quartz_stairs":15,"minecraft:budding_amethyst":5,"minecraft:glowstone":20,"minecraft:black_stained_glass":1,"minecraft:gray_glazed_terracotta":8,"minecraft:crafting_table":1},"minecraft:mined":{"minecraft:tall_grass":1},"minecraft:dropped":{"minecraft:wheat_seeds":1,"minecraft:glowstone":1,"minecraft:smooth_quartz":2,"minecraft:rotten_flesh":2,"minecraft:black_terracotta":2,"minecraft:oak_planks":13,"minecraft:arrow":1,"minecraft:dandelion":1,"minecraft:bone":2}},"DataVersion":3120}