{"stats":{"minecraft:dropped":{"minecraft:wheat_seeds":5,"minecraft:polished_blackstone":1,"minecraft:bookshelf":1,"minecraft:rotten_flesh":4,"minecraft:oak_planks":2,"sophisticatedbackpacks:backpack":1,"minecraft:red_wool":1,"minecraft:azure_bluet":1,"minecraft:grass_block":1,"minecraft:cyan_terracotta":1,"minecraft:black_stained_glass_pane":1,"minecraft:smooth_quartz":2,"minecraft:arrow":1,"minecraft:black_stained_glass":1,"minecraft:quartz_slab":1,"minecraft:dandelion":7},"minecraft:used":{"minecraft:polished_blackstone":145,"minecraft:oak_planks":77,"minecraft:iron_sword":15,"minecraft:quartz_stairs":1,"minecraft:iron_chestplate":1,"minecraft:torch":4,"minecraft:dirt":5,"minecraft:crafting_table":1,"minecraft:tuff":4,"minecraft:infested_stone_bricks":1,"minecraft:birch_door":6,"minecraft:bookshelf":7,"minecraft:iron_axe":1,"minecraft:quartz_slab":18,"minecraft:red_wool":70,"minecraft:black_stained_glass_pane":6,"minecraft:grass_block":375,"minecraft:iron_pickaxe":5,"minecraft:iron_helmet":1,"minecraft:iron_boots":1,"tombstone:grave_key":2,"minecraft:smooth_quartz":360,"minecraft:black_stained_glass":10,"minecraft:cooked_porkchop":4,"tombstone:gift":1,"minecraft:cobbled_deepslate":2,"minecraft:iron_leggings":1},"minecraft:crafted":{"minecraft:red_dye":1,"minecraft:crafting_table":1,"sophisticatedbackpacks:copper_backpack":1},"minecraft:killed_by":{"minecraft:skeleton":1},"minecraft:picked_up":{"minecraft:iron_chestplate":1,"minecraft:crafting_table":1,"minecraft:azure_bluet":1,"minecraft:water_bucket":1,"minecraft:tuff":4,"minecraft:shield":1,"minecraft:string":2,"minecraft:dirt":5,"minecraft:lantern":2,"minecraft:iron_axe":1,"minecraft:iron_leggings":1,"minecraft:wheat_seeds":5,"minecraft:cobbled_deepslate":2,"securitycraft:bucket_f_lava":1,"minecraft:iron_pickaxe":1,"minecraft:poppy":1,"minecraft:smooth_quartz":1,"minecraft:oak_planks":5,"minecraft:iron_sword":1,"minecraft:iron_boots":1,"minecraft:raw_iron":2,"minecraft:cooked_porkchop":64,"minecraft:torch":67,"minecraft:dandelion":7,"sophisticatedbackpacks:backpack":1,"minecraft:infested_stone_bricks":64,"minecraft:arrow":1,"minecraft:rotten_flesh":4,"minecraft:iron_helmet":1},"minecraft:killed":{"minecraft:spider":1,"minecraft:skeleton":1,"minecraft:zombie":1},"minecraft:mined":{"minecraft:deepslate_diamond_ore":1,"minecraft:powder_snow":5,"minecraft:crafting_table":1,"minecraft:torch":3,"minecraft:grass_block":4,"minecraft:poppy":1,"minecraft:tall_grass":1,"minecraft:wall_torch":1,"minecraft:grass":2,"minecraft:deepslate_iron_ore":2,"minecraft:dirt":2,"minecraft:cobweb":2,"minecraft:deepslate":1},"minecraft:custom":{"minecraft:mob_kills":3,"minecraft:interact_with_crafting_table":1,"minecraft:leave_game":5,"minecraft:time_since_death":84721,"minecraft:time_since_rest":84644,"minecraft:sprint_one_cm":84669,"minecraft:damage_taken":1379,"minecraft:walk_one_cm":240730,"minecraft:drop":26,"minecraft:damage_dealt":598,"minecraft:fly_one_cm":192536,"minecraft:player_kills":1,"minecraft:crouch_one_cm":597,"minecraft:play_time":87118,"tombstone:undead_killed":2,"minecraft:deaths":2,"minecraft:sneak_time":965,"minecraft:walk_under_water_one_cm":3158,"minecraft:jump":428,"minecraft:walk_on_water_one_cm":5154,"minecraft:total_world_time":87118,"minecraft:fall_one_cm":7784}},"DataVersion":3120}