{"stats":{"minecraft:mined":{"minecraft:crafting_table":1,"minecraft:grass":2,"minecraft:grass_block":4,"minecraft:poppy":1,"minecraft:dirt":2,"minecraft:tall_grass":1},"minecraft:used":{"minecraft:quartz_slab":18,"minecraft:black_stained_glass_pane":1,"minecraft:grass_block":374,"minecraft:iron_axe":1,"minecraft:oak_planks":77,"minecraft:iron_helmet":1,"minecraft:iron_sword":8,"tombstone:grave_key":2,"minecraft:iron_boots":1,"minecraft:smooth_quartz":160,"minecraft:iron_chestplate":1,"minecraft:dirt":5,"minecraft:crafting_table":1,"minecraft:cooked_porkchop":1,"tombstone:gift":1,"minecraft:infested_stone_bricks":1,"minecraft:iron_leggings":1},"minecraft:dropped":{"minecraft:wheat_seeds":5,"sophisticatedbackpacks:backpack":1,"minecraft:azure_bluet":1,"minecraft:dandelion":7},"minecraft:crafted":{"minecraft:red_dye":1,"sophisticatedbackpacks:copper_backpack":1,"minecraft:crafting_table":1},"minecraft:killed":{"minecraft:skeleton":1},"minecraft:killed_by":{"minecraft:skeleton":1},"minecraft:picked_up":{"minecraft:crafting_table":1,"minecraft:iron_chestplate":1,"minecraft:azure_bluet":1,"minecraft:cooked_porkchop":64,"minecraft:water_bucket":1,"minecraft:torch":64,"minecraft:dandelion":7,"sophisticatedbackpacks:backpack":1,"minecraft:shield":1,"minecraft:dirt":5,"minecraft:iron_axe":1,"minecraft:iron_leggings":1,"minecraft:infested_stone_bricks":64,"minecraft:wheat_seeds":5,"minecraft:iron_helmet":1,"securitycraft:bucket_f_lava":1,"minecraft:iron_pickaxe":1,"minecraft:poppy":1,"minecraft:smooth_quartz":1,"minecraft:iron_sword":1,"minecraft:oak_planks":5,"minecraft:iron_boots":1},"minecraft:custom":{"minecraft:time_since_rest":34219,"minecraft:sprint_one_cm":26308,"minecraft:damage_taken":899,"minecraft:walk_one_cm":128296,"minecraft:mob_kills":2,"minecraft:drop":10,"minecraft:damage_dealt":341,"minecraft:interact_with_crafting_table":1,"minecraft:fly_one_cm":131147,"minecraft:player_kills":1,"minecraft:crouch_one_cm":241,"minecraft:play_time":36693,"tombstone:undead_killed":1,"minecraft:deaths":2,"minecraft:sneak_time":423,"minecraft:jump":215,"minecraft:leave_game":3,"minecraft:time_since_death":34296,"minecraft:walk_on_water_one_cm":885,"minecraft:total_world_time":36693,"minecraft:fall_one_cm":3980}},"DataVersion":3120}