{
  "dungeons_arise:wda_root": {
    "criteria": {
      "WDA": "2024-06-24 13:16:34 +0000"
    },
    "done": true
  },
  "tombstone:adventure/root": {
    "criteria": {
      "auto": "2024-06-23 20:35:20 +0000"
    },
    "done": true
  },
  "lootr:root": {
    "criteria": {
      "always_true": "2024-06-24 13:16:34 +0000"
    },
    "done": true
  },
  "minecraft:adventure/adventuring_time": {
    "criteria": {
      "minecraft:meadow": "2024-06-23 20:19:50 +0000",
      "minecraft:plains": "2024-06-24 13:16:55 +0000"
    },
    "done": false
  },
  "DataVersion": 3120
}